fips,pm25
01001,9.3
01003,7.8
01005,8.8
01007,8.6
01009,8.8
01011,8.4
01013,8.4
01015,8.9
01017,8.9
01019,8.4
01021,8.9
01023,8.7
01025,8.8
01027,6.8
01029,8.3
01031,8.9
01033,7.5
01035,8.5
01037,8.5
01039,8.6
01041,8.5
01043,8.7
01045,9.0
01047,8.7
01049,7.2
01051,9.4
01053,8.9
01055,7.9
01057,8.3
01059,7.5
01061,8.9
01063,8.5
01065,8.7
01067,9.0
01069,9.3
01071,7.9
01073,10.2
01075,8.2
01077,7.3
01079,7.9
01081,9.3
01083,7.8
01085,8.7
01087,8.9
01089,7.1
01091,8.7
01093,7.8
01095,8.7
01097,8.0
01099,8.6
01101,7.9
01103,8.1
01105,8.5
01107,8.6
01109,8.6
01111,8.4
01113,8.7
01115,9.4
01117,10.0
01119,8.7
01121,9.1
01123,8.6
01125,7.5
01127,9.0
01129,9.0
01131,8.5
01133,8.1
02013,
02016,
02020,5.8
02050,
02060,
02063,
02066,
02068,
02070,
02090,11.9
02100,
02105,
02110,4.8
02122,
02130,
02150,
02158,
02164,
02170,4.7
02180,
02185,
02188,
02195,
02198,
02220,
02230,
02240,
02275,
02282,
02290,
04001,3.3
04003,6.5
04005,5.3
04007,6.0
04009,5.4
04011,5.4
04012,4.2
04013,12.6
04015,6.1
04017,5.3
04019,6.2
04021,16.1
04023,10.4
04025,5.7
04027,9.1
05001,7.2
05003,7.4
05005,7.6
05007,9.3
05009,7.7
05011,8.1
05013,8.2
05015,7.9
05017,8.6
05019,8.4
05021,8.1
05023,8.1
05025,8.0
05027,8.5
05029,8.5
05031,8.5
05033,8.7
05035,7.5
05037,8.4
05039,8.2
05041,8.5
05043,8.3
05045,9.1
05047,7.5
05049,
05051,8.1
05053,8.3
05055,8.3
05057,8.9
05059,8.4
05061,8.9
05063,8.2
05065,7.6
05067,7.1
05069,8.7
05071,7.9
05073,8.5
05075,8.2
05077,8.5
05079,8.4
05081,9.3
05083,8.1
05085,9.0
05087,7.7
05089,7.5
05091,9.3
05093,8.3
05095,8.3
05097,7.8
05099,8.6
05101,7.2
05103,8.4
05105,8.3
05107,8.5
05109,8.4
05111,8.5
05113,7.2
05115,8.3
05117,8.4
05119,9.6
05121,7.9
05123,8.5
05125,8.9
05127,7.7
05129,7.3
05131,9.0
05133,9.0
05135,7.6
05137,7.5
05139,8.5
05141,7.9
05143,6.9
05145,8.5
05147,8.2
05149,8.2
06001,11.8
06003,9.7
06005,14.2
06007,16.1
06009,12.7
06011,12.8
06013,11.1
06015,10.3
06017,14.6
06019,20.3
06021,17.0
06023,8.8
06025,11.9
06027,12.2
06029,21.1
06031,20.0
06033,9.6
06035,12.4
06037,15.6
06039,17.1
06041,8.6
06043,21.3
06045,12.4
06047,15.3
06049,10.4
06051,39.1
06053,8.8
06055,10.3
06057,12.4
06059,12.7
06061,13.1
06063,21.1
06065,14.8
06067,14.9
06069,8.9
06071,17.4
06073,20.6
06075,10.5
06077,15.1
06079,10.0
06081,9.8
06083,9.3
06085,12.5
06087,11.1
06089,9.8
06091,10.8
06093,10.9
06095,12.4
06097,8.3
06099,15.6
06101,16.7
06103,13.3
06105,10.2
06107,20.8
06109,16.2
06111,7.9
06113,15.9
06115,16.3
08001,9.2
08003,5.3
08005,5.9
08007,5.0
08009,5.5
08011,
08013,10.2
08014,9.6
08015,4.7
08017,5.9
08019,5.7
08021,4.9
08023,4.7
08025,
08027,
08029,5.8
08031,10.5
08033,4.5
08035,7.0
08037,5.4
08039,7.2
08041,6.0
08043,5.3
08045,5.4
08047,
08049,5.4
08051,4.8
08053,4.4
08055,4.7
08057,5.6
08059,9.3
08061,5.9
08063,5.9
08065,4.5
08067,5.6
08069,8.2
08071,5.0
08073,6.0
08075,6.3
08077,6.1
08079,4.3
08081,5.9
08083,5.2
08085,5.5
08087,7.6
08089,5.9
08091,
08093,5.1
08095,5.9
08097,4.7
08099,6.1
08101,5.6
08103,8.3
08105,5.0
08107,6.7
08109,4.6
08111,4.5
08113,4.8
08115,5.7
08117,
08119,5.2
08121,6.4
08123,9.9
08125,6.1
09001,8.1
09003,7.8
09005,5.7
09007,
09009,8.2
09011,6.9
09013,
09015,
09110,
09120,
09130,
09140,
09150,
09160,
09170,
09180,
09190,
10001,7.3
10003,8.3
10005,7.2
11001,7.8
12001,7.8
12003,7.9
12005,8.3
12007,8.0
12009,7.9
12011,9.3
12013,8.0
12015,7.9
12017,8.2
12019,8.8
12021,7.6
12023,8.0
12027,7.7
12029,7.4
12031,8.3
12033,9.7
12035,8.1
12037,7.5
12039,8.7
12041,7.7
12043,7.3
12045,7.4
12047,7.5
12049,7.9
12051,7.5
12053,8.3
12055,7.8
12057,8.3
12059,8.4
12061,7.8
12063,8.8
12065,7.9
12067,7.4
12069,8.9
12071,7.3
12073,7.5
12075,8.0
12077,7.4
12079,8.1
12081,8.5
12083,8.5
12085,7.9
12086,7.8
12087,7.5
12089,8.4
12091,8.9
12093,7.7
12095,6.8
12097,8.9
12099,7.3
12101,8.7
12103,7.9
12105,8.4
12107,8.3
12109,8.7
12111,7.9
12113,9.7
12115,7.9
12117,7.3
12119,8.6
12121,7.8
12123,7.6
12125,7.8
12127,8.1
12129,7.4
12131,8.6
12133,8.4
13001,8.7
13003,8.5
13005,8.5
13007,9.4
13009,8.6
13011,8.6
13013,9.5
13015,9.1
13017,9.0
13019,9.0
13021,8.2
13023,8.9
13025,7.8
13027,9.0
13029,9.0
13031,9.0
13033,9.5
13035,8.5
13037,9.0
13039,8.1
13043,8.9
13045,8.8
13047,8.5
13049,7.5
13051,8.9
13053,8.8
13055,8.4
13057,9.3
13059,8.4
13061,8.5
13063,8.2
13065,8.0
13067,8.2
13069,6.8
13071,9.5
13073,9.7
13075,9.0
13077,8.8
13079,8.8
13081,9.3
13083,7.8
13085,
13087,9.3
13089,9.0
13091,9.2
13093,9.2
13095,10.3
13097,9.3
13099,9.3
13101,8.0
13103,9.1
13105,8.4
13107,9.1
13109,8.8
13111,6.9
13113,9.0
13115,8.8
13117,9.5
13119,8.6
13121,9.5
13123,7.2
13125,8.9
13127,7.7
13129,8.6
13131,9.4
13133,8.5
13135,8.3
13137,7.8
13139,8.7
13141,8.5
13143,8.4
13145,8.7
13147,8.6
13149,8.3
13151,9.1
13153,9.5
13155,8.9
13157,9.2
13159,8.5
13161,8.5
13163,9.4
13165,9.0
13167,9.0
13169,8.6
13171,8.5
13173,8.1
13175,9.3
13177,9.4
13179,8.8
13181,8.5
13183,8.5
13185,8.3
13187,
13189,9.2
13191,8.1
13193,9.0
13195,8.8
13197,8.5
13199,8.2
13201,9.3
13205,9.6
13207,8.7
13209,8.9
13211,8.8
13213,8.1
13215,8.4
13217,9.1
13219,8.8
13221,8.3
13223,9.2
13225,9.2
13227,7.9
13229,8.3
13231,8.4
13233,8.6
13235,9.0
13237,8.5
13239,8.4
13241,6.6
13243,8.7
13245,10.7
13247,9.3
13249,8.7
13251,8.8
13253,9.0
13255,8.7
13257,7.7
13259,8.4
13261,9.2
13263,8.4
13265,8.3
13267,8.9
13269,8.6
13271,8.8
13273,9.1
13275,9.6
13277,9.3
13279,8.9
13281,6.4
13283,8.9
13285,8.7
13287,9.0
13289,8.8
13291,6.7
13293,8.5
13295,8.5
13297,9.3
13299,8.4
13301,8.9
13303,8.7
13305,8.5
13307,8.6
13309,8.8
13311,7.0
13313,8.6
13315,9.1
13317,8.4
13319,8.8
13321,9.5
15001,3.5
15003,3.9
15005,
15007,3.3
15009,3.9
16001,7.8
16003,8.2
16005,6.7
16007,5.5
16009,10.5
16011,6.7
16013,
16015,
16017,12.7
16019,6.6
16021,9.5
16023,5.2
16025,5.3
16027,10.5
16029,5.7
16031,7.2
16033,4.9
16035,7.9
16037,4.9
16039,7.4
16041,6.4
16043,4.9
16045,9.9
16047,
16049,9.0
16051,6.4
16053,7.2
16055,13.0
16057,10.8
16059,10.8
16061,9.4
16063,6.2
16065,5.9
16067,7.1
16069,10.8
16071,6.2
16073,9.0
16075,10.2
16077,6.4
16079,11.1
16081,
16083,7.2
16085,7.0
16087,9.4
17001,8.1
17003,8.8
17005,8.6
17007,9.2
17009,7.7
17011,9.1
17013,8.2
17015,9.1
17017,8.0
17019,7.6
17021,8.6
17023,8.6
17025,8.6
17027,8.9
17029,8.6
17031,10.8
17033,8.7
17035,8.6
17037,9.6
17039,8.6
17041,8.4
17043,9.2
17045,8.5
17047,8.6
17049,8.8
17051,8.7
17053,8.7
17055,9.1
17057,8.5
17059,8.5
17061,7.8
17063,9.4
17065,8.8
17067,8.3
17069,8.3
17071,8.3
17073,8.9
17075,8.9
17077,9.0
17079,8.6
17081,9.0
17083,7.5
17085,9.1
17087,8.7
17089,8.8
17091,9.3
17093,9.5
17095,8.6
17097,9.1
17099,9.6
17101,8.6
17103,9.3
17105,9.0
17107,8.5
17109,8.3
17111,8.2
17113,8.9
17115,8.6
17117,8.6
17119,10.9
17121,8.9
17123,8.9
17125,8.3
17127,8.7
17129,8.1
17131,8.5
17133,8.4
17135,8.5
17137,8.0
17139,8.6
17141,9.4
17143,8.2
17145,8.8
17147,8.5
17149,7.9
17151,8.6
17153,8.6
17155,8.9
17157,8.3
17159,8.6
17161,8.1
17163,9.5
17165,8.8
17167,7.6
17169,7.9
17171,7.7
17173,8.7
17175,8.6
17177,9.2
17179,9.0
17181,8.8
17183,8.8
17185,8.5
17187,8.4
17189,8.8
17191,8.8
17193,8.7
17195,9.1
17197,9.8
17199,9.0
17201,9.1
17203,9.0
18001,8.1
18003,8.4
18005,6.7
18007,8.7
18009,8.0
18011,9.7
18013,8.3
18015,8.8
18017,8.5
18019,9.8
18021,8.6
18023,8.9
18025,8.6
18027,8.7
18029,9.2
18031,8.4
18033,8.2
18035,8.0
18037,8.4
18039,8.2
18041,8.4
18043,9.6
18045,8.8
18047,8.8
18049,8.4
18051,8.6
18053,8.2
18055,7.5
18057,9.4
18059,9.0
18061,9.1
18063,9.9
18065,7.3
18067,6.7
18069,8.3
18071,8.4
18073,8.9
18075,8.1
18077,8.6
18079,8.4
18081,9.6
18083,8.7
18085,8.6
18087,8.3
18089,9.8
18091,8.1
18093,8.3
18095,8.3
18097,11.1
18099,8.7
18101,8.4
18103,8.2
18105,7.7
18107,9.0
18109,9.5
18111,8.8
18113,8.5
18115,8.8
18117,8.5
18119,8.5
18121,8.5
18123,8.7
18125,8.6
18127,7.5
18129,8.7
18131,8.5
18133,8.9
18135,8.2
18137,8.6
18139,8.4
18141,9.6
18143,8.6
18145,8.9
18147,8.0
18149,8.5
18151,8.1
18153,8.5
18155,8.7
18157,9.4
18159,8.3
18161,8.5
18163,9.1
18165,8.7
18167,8.6
18169,8.3
18171,8.4
18173,8.7
18175,8.6
18177,8.5
18179,8.2
18181,9.0
18183,9.8
19001,7.0
19003,7.0
19005,7.8
19007,7.4
19009,7.0
19011,8.4
19013,7.9
19015,7.5
19017,7.8
19019,8.3
19021,7.1
19023,7.5
19025,7.2
19027,7.2
19029,7.1
19031,8.9
19033,7.1
19035,7.0
19037,7.4
19039,7.1
19041,6.8
19043,8.3
19045,8.5
19047,7.1
19049,7.6
19051,7.5
19053,7.1
19055,8.6
19057,8.4
19059,6.6
19061,9.0
19063,6.7
19065,8.0
19067,7.2
19069,7.2
19071,7.4
19073,7.2
19075,7.7
19077,7.1
19079,7.4
19081,6.9
19083,7.5
19085,7.3
19087,8.3
19089,7.1
19091,7.0
19093,7.0
19095,8.4
19097,8.9
19099,7.7
19101,8.0
19103,9.5
19105,8.8
19107,8.1
19109,6.9
19111,7.8
19113,9.6
19115,8.4
19117,7.2
19119,6.6
19121,7.1
19123,7.8
19125,7.6
19127,7.7
19129,7.5
19131,6.9
19133,7.1
19135,7.5
19137,6.7
19139,8.0
19141,6.8
19143,6.5
19145,7.4
19147,7.1
19149,7.1
19151,7.0
19153,8.0
19155,8.3
19157,7.9
19159,7.1
19161,7.2
19163,9.2
19165,7.1
19167,6.9
19169,7.7
19171,7.8
19173,7.2
19175,7.2
19177,6.8
19179,7.8
19181,7.5
19183,8.5
19185,7.2
19187,7.3
19189,6.7
19191,7.6
19193,7.6
19195,6.7
19197,7.2
20001,8.5
20003,8.2
20005,8.3
20007,7.4
20009,6.8
20011,8.1
20013,7.9
20015,8.5
20017,8.0
20019,8.5
20021,9.3
20023,5.8
20025,6.6
20027,7.2
20029,6.9
20031,8.5
20033,6.9
20035,9.0
20037,8.7
20039,
20041,7.8
20043,8.0
20045,8.9
20047,6.6
20049,8.4
20051,6.3
20053,6.9
20055,6.7
20057,6.7
20059,8.3
20061,8.0
20063,
20065,
20067,6.6
20069,6.7
20071,6.0
20073,8.5
20075,6.1
20077,8.1
20079,7.8
20081,6.7
20083,6.3
20085,8.3
20087,8.7
20089,
20091,8.2
20093,6.4
20095,7.7
20097,6.7
20099,9.1
20101,6.1
20103,8.9
20105,6.6
20107,7.6
20109,6.0
20111,8.6
20113,7.6
20115,7.9
20117,7.7
20119,6.6
20121,8.1
20123,6.6
20125,9.1
20127,8.1
20129,5.9
20131,7.9
20133,8.7
20135,
20137,5.9
20139,8.8
20141,6.2
20143,7.1
20145,6.5
20147,6.1
20149,8.5
20151,7.0
20153,5.8
20155,7.7
20157,6.7
20159,7.0
20161,8.3
20163,6.1
20165,
20167,6.5
20169,7.5
20171,6.3
20173,6.7
20175,6.7
20177,9.6
20179,
20181,6.0
20183,6.1
20185,6.9
20187,6.0
20189,6.4
20191,8.9
20193,5.9
20195,5.5
20197,8.5
20199,5.9
20201,7.1
20203,6.2
20205,8.9
20207,8.5
20209,11.0
21001,7.8
21003,8.0
21005,8.3
21007,8.5
21009,8.1
21011,7.8
21013,7.4
21015,9.4
21017,8.3
21019,7.5
21021,8.1
21023,8.1
21025,7.3
21027,8.5
21029,9.4
21031,8.3
21033,8.1
21035,7.8
21037,7.9
21039,8.3
21041,8.5
21043,5.6
21045,7.9
21047,8.5
21049,8.3
21051,7.3
21053,7.1
21055,8.4
21057,7.3
21059,7.9
21061,8.1
21063,7.1
21065,7.5
21067,7.9
21069,7.8
21071,7.3
21073,8.3
21075,7.7
21077,8.5
21079,7.9
21081,8.0
21083,8.3
21085,8.3
21087,8.0
21089,7.9
21091,8.5
21093,7.4
21095,7.0
21097,8.2
21099,8.1
21101,8.7
21103,8.6
21105,7.8
21107,8.4
21109,7.5
21111,9.8
21113,8.4
21115,7.3
21117,9.6
21119,7.1
21121,7.4
21123,8.2
21125,7.7
21127,7.3
21129,7.4
21131,6.9
21133,6.8
21135,7.6
21137,8.0
21139,8.4
21141,8.2
21143,8.0
21145,8.8
21147,7.2
21149,8.4
21151,8.2
21153,7.2
21155,8.1
21157,8.4
21159,7.1
21161,7.9
21163,8.9
21165,7.4
21167,8.3
21169,7.8
21171,7.5
21173,8.0
21175,7.3
21177,8.3
21179,8.5
21181,7.9
21183,8.4
21185,9.2
21187,8.3
21189,7.3
21191,8.1
21193,7.3
21195,6.6
21197,
21199,7.3
21201,7.8
21203,7.7
21205,7.4
21207,7.7
21209,8.5
21211,8.7
21213,8.1
21215,8.8
21217,7.9
21219,8.1
21221,7.8
21223,8.6
21225,8.5
21227,8.3
21229,8.2
21231,7.1
21233,8.4
21235,7.6
21237,7.3
21239,8.5
22001,8.3
22003,7.9
22005,8.7
22007,8.2
22009,7.9
22011,8.3
22013,8.6
22015,9.5
22017,9.6
22019,7.5
22021,7.9
22023,7.8
22025,7.7
22027,8.4
22029,7.7
22031,8.8
22033,8.3
22035,8.3
22037,8.1
22039,8.0
22041,8.1
22043,8.0
22045,8.3
22047,7.5
22049,8.3
22051,8.1
22053,8.2
22055,8.2
22057,8.5
22059,7.7
22061,8.5
22063,8.7
22065,8.3
22067,8.5
22069,8.4
22071,7.9
22073,7.3
22075,8.3
22077,7.9
22079,7.3
22081,8.5
22083,8.3
22085,8.4
22087,7.9
22089,8.6
22091,7.8
22093,8.5
22095,8.6
22097,8.3
22099,8.5
22101,8.0
22103,9.0
22105,7.5
22107,8.0
22109,7.4
22111,8.5
22113,8.3
22115,8.1
22117,8.8
22119,8.8
22121,8.6
22123,8.3
22125,
22127,7.9
23001,5.1
23003,5.7
23005,7.6
23007,5.4
23009,2.8
23011,6.0
23013,5.1
23015,5.8
23017,5.1
23019,4.6
23021,4.7
23023,6.3
23025,5.5
23027,5.1
23029,4.3
23031,6.9
24001,6.3
24003,7.1
24005,7.5
24009,6.2
24011,6.5
24013,7.9
24015,5.6
24017,7.1
24019,4.4
24021,7.7
24023,4.6
24025,5.8
24027,7.0
24029,4.6
24031,5.9
24033,5.9
24035,6.3
24037,6.3
24039,6.3
24041,6.0
24043,6.6
24045,6.7
24047,6.8
24510,6.5
25001,5.9
25003,7.8
25005,6.3
25007,5.5
25009,5.6
25011,8.4
25013,8.6
25015,6.8
25017,6.7
25019,5.3
25021,5.3
25023,7.6
25025,8.5
25027,8.1
26001,6.0
26003,5.3
26005,6.0
26007,6.1
26009,6.6
26011,6.1
26013,4.8
26015,7.7
26017,4.7
26019,6.6
26021,8.8
26023,8.0
26025,8.0
26027,8.7
26029,6.5
26031,6.1
26033,5.8
26035,6.9
26037,7.5
26039,6.7
26041,6.3
26043,5.9
26045,7.8
26047,6.3
26049,6.1
26051,6.5
26053,5.3
26055,6.9
26057,6.9
26059,8.0
26061,4.9
26063,6.3
26065,7.0
26067,7.5
26069,6.1
26071,5.4
26073,6.8
26075,8.2
26077,7.7
26079,6.8
26081,7.8
26083,4.4
26085,6.5
26087,7.4
26089,6.3
26091,8.2
26093,8.6
26095,5.1
26097,5.7
26099,6.0
26101,5.1
26103,5.6
26105,6.7
26107,6.9
26109,6.8
26111,6.5
26113,7.9
26115,9.1
26117,7.3
26119,6.0
26121,7.3
26123,7.1
26125,7.5
26127,6.8
26129,6.2
26131,4.9
26133,6.8
26135,6.1
26137,6.4
26139,7.4
26141,5.9
26143,6.9
26145,6.6
26147,6.8
26149,8.4
26151,6.9
26153,4.8
26155,7.3
26157,6.4
26159,8.0
26161,8.3
26163,10.7
26165,6.8
27001,4.6
27003,6.2
27005,4.2
27007,5.7
27009,6.1
27011,5.9
27013,6.8
27015,6.4
27017,1.3
27019,7.0
27021,4.4
27023,5.8
27025,6.5
27027,6.4
27029,5.5
27031,2.6
27033,6.2
27035,4.2
27037,7.6
27039,6.8
27041,5.7
27043,6.7
27045,7.4
27047,6.7
27049,7.5
27051,5.6
27053,8.7
27055,7.9
27057,5.1
27059,6.4
27061,4.8
27063,6.5
27065,5.4
27067,5.9
27069,6.2
27071,5.0
27073,5.8
27075,5.3
27077,5.1
27079,6.8
27081,5.5
27083,5.3
27085,6.2
27087,5.3
27089,6.3
27091,6.6
27093,5.9
27095,6.0
27097,5.6
27099,6.8
27101,6.0
27103,6.7
27105,6.4
27107,5.9
27109,5.6
27111,5.8
27113,6.0
27115,5.4
27117,5.9
27119,6.6
27121,5.7
27123,7.9
27125,5.8
27127,6.1
27129,6.1
27131,7.2
27133,6.3
27135,6.0
27137,7.3
27139,5.8
27141,6.7
27143,6.3
27145,5.8
27147,6.7
27149,5.7
27151,5.8
27153,5.6
27155,5.8
27157,7.3
27159,5.1
27161,6.7
27163,7.8
27165,6.3
27167,5.7
27169,7.7
27171,6.2
27173,5.9
28001,7.7
28003,7.5
28005,7.9
28007,8.9
28009,7.8
28011,8.6
28013,8.4
28015,8.3
28017,8.5
28019,8.6
28021,8.1
28023,8.8
28025,9.0
28027,8.7
28029,9.0
28031,9.5
28033,8.2
28035,9.7
28037,7.5
28039,9.1
28041,
28043,8.4
28045,8.4
28047,9.6
28049,10.2
28051,8.8
28053,8.8
28055,8.3
28057,8.0
28059,8.7
28061,9.1
28063,7.6
28065,9.2
28067,9.8
28069,8.8
28071,8.4
28073,9.0
28075,9.2
28077,8.8
28079,9.2
28081,8.6
28083,8.8
28085,8.6
28087,9.1
28089,10.2
28091,9.1
28093,8.0
28095,8.7
28097,8.4
28099,9.5
28101,9.3
28103,8.8
28105,8.8
28107,8.3
28109,9.0
28111,9.2
28113,8.4
28115,8.6
28117,7.8
28119,8.6
28121,10.1
28123,9.4
28125,8.5
28127,9.2
28129,9.1
28131,8.9
28133,9.0
28135,8.6
28137,8.6
28139,7.7
28141,6.9
28143,8.5
28145,8.3
28147,8.4
28149,8.7
28151,8.9
28153,8.7
28155,8.4
28157,7.3
28159,8.9
28161,8.3
28163,9.0
29001,7.4
29003,7.8
29005,7.5
29007,7.8
29009,8.3
29011,8.1
29013,7.4
29015,7.1
29017,8.2
29019,7.9
29021,8.2
29023,8.1
29025,7.0
29027,7.7
29029,7.3
29031,9.0
29033,7.1
29035,7.1
29037,6.2
29039,6.5
29041,7.3
29043,8.3
29045,7.9
29047,6.2
29049,7.7
29051,7.7
29053,7.3
29055,7.2
29057,7.7
29059,7.2
29061,7.3
29063,7.4
29065,6.9
29067,7.4
29069,8.4
29071,8.4
29073,7.5
29075,7.4
29077,7.5
29079,7.2
29081,7.2
29083,7.1
29085,7.0
29087,7.7
29089,7.3
29091,7.5
29093,7.2
29095,10.1
29097,9.1
29099,7.6
29101,7.2
29103,7.4
29105,7.2
29107,7.4
29109,8.3
29111,7.9
29113,7.8
29115,7.3
29117,7.2
29119,9.0
29121,7.4
29123,7.5
29125,7.2
29127,7.9
29129,7.1
29131,7.3
29133,8.5
29135,7.5
29137,7.6
29139,7.7
29141,7.3
29143,8.3
29145,9.2
29147,7.5
29149,7.4
29151,7.4
29153,7.2
29155,7.7
29157,8.6
29159,7.2
29161,7.2
29163,7.9
29165,9.0
29167,
29169,7.3
29171,7.2
29173,7.8
29175,7.4
29177,7.3
29179,6.9
29181,7.7
29183,9.4
29185,7.0
29186,8.3
29187,7.7
29189,7.7
29195,7.2
29197,7.4
29199,7.5
29201,8.9
29203,6.9
29205,7.5
29207,8.5
29209,
29211,7.3
29213,8.1
29215,
29217,7.7
29219,8.0
29221,7.3
29223,7.5
29225,7.6
29227,7.1
29229,7.3
29510,10.3
30001,5.3
30003,6.6
30005,6.0
30007,5.2
30009,5.7
30011,5.5
30013,5.9
30015,5.6
30017,5.8
30019,5.3
30021,4.8
30023,5.5
30025,4.9
30027,4.7
30029,6.9
30031,2.3
30033,5.2
30035,6.4
30037,5.0
30039,
30041,5.8
30043,5.9
30045,4.6
30047,8.5
30049,7.6
30051,5.4
30053,13.8
30055,4.9
30057,5.2
30059,4.5
30061,8.4
30063,8.7
30065,5.7
30067,5.1
30069,5.3
30071,6.3
30073,5.8
30075,7.6
30077,5.8
30079,5.0
30081,5.8
30083,4.3
30085,5.3
30087,5.9
30089,8.9
30091,5.3
30093,6.5
30095,5.6
30097,4.7
30099,5.7
30101,5.8
30103,6.0
30105,5.6
30107,4.7
30109,4.4
30111,7.1
31001,6.2
31003,6.0
31005,5.3
31007,5.5
31009,5.2
31011,6.0
31013,5.4
31015,5.4
31017,5.1
31019,6.2
31021,7.1
31023,6.8
31025,7.8
31027,6.3
31029,5.7
31031,4.9
31033,5.7
31035,6.3
31037,6.8
31039,7.0
31041,5.9
31043,7.0
31045,4.8
31047,6.1
31049,5.7
31051,6.6
31053,7.4
31055,7.3
31057,5.8
31059,6.5
31061,6.0
31063,5.8
31065,5.9
31067,7.3
31069,5.4
31071,5.5
31073,5.9
31075,5.1
31077,5.8
31079,5.6
31081,6.2
31083,5.9
31085,5.7
31087,5.8
31089,5.7
31091,5.1
31093,5.9
31095,6.9
31097,7.3
31099,6.0
31101,5.7
31103,5.0
31105,5.5
31107,6.1
31109,6.5
31111,5.9
31113,5.3
31115,5.4
31117,5.3
31119,6.5
31121,6.2
31123,5.6
31125,6.1
31127,7.4
31129,6.3
31131,7.6
31133,7.3
31135,5.7
31137,6.1
31139,6.2
31141,6.7
31143,6.4
31145,5.9
31147,7.7
31149,5.2
31151,7.0
31153,7.8
31155,7.6
31157,6.1
31159,6.9
31161,5.1
31163,5.7
31165,4.8
31167,6.6
31169,6.6
31171,5.2
31173,6.9
31175,5.7
31177,6.2
31179,6.5
31181,6.2
31183,5.7
31185,6.5
32001,9.6
32003,12.1
32005,9.5
32007,6.2
32009,7.8
32011,4.9
32013,6.6
32015,
32017,5.4
32019,10.4
32021,9.6
32023,7.4
32027,6.7
32029,9.6
32031,11.2
32033,4.9
32510,8.5
33001,4.1
33003,5.3
33005,6.4
33007,4.9
33009,4.4
33011,3.4
33013,5.7
33015,6.9
33017,6.3
33019,5.6
34001,6.9
34003,9.5
34005,8.3
34007,8.7
34009,7.3
34011,8.3
34013,8.8
34015,8.6
34017,8.3
34019,7.4
34021,7.2
34023,7.6
34025,7.9
34027,8.0
34029,6.5
34031,8.3
34033,8.3
34035,8.1
34037,7.5
34039,9.5
34041,7.2
35001,9.7
35003,
35005,6.3
35006,5.1
35007,4.9
35009,5.8
35011,5.1
35013,9.1
35015,7.0
35017,5.5
35019,4.9
35021,4.9
35023,5.2
35025,5.6
35027,5.1
35028,4.9
35029,5.6
35031,5.3
35033,
35035,5.8
35037,5.2
35039,5.4
35041,5.7
35043,7.6
35045,6.4
35047,4.9
35049,4.5
35051,5.3
35053,5.3
35055,5.9
35057,5.5
35059,4.9
35061,6.8
36001,8.7
36003,6.5
36005,8.3
36007,7.2
36009,6.8
36011,7.0
36013,5.3
36015,6.8
36017,6.7
36019,6.2
36021,7.8
36023,6.7
36025,6.5
36027,8.3
36029,6.8
36031,3.2
36033,6.5
36035,7.0
36037,7.2
36039,7.4
36041,5.7
36043,6.8
36045,6.5
36047,8.4
36049,6.0
36051,6.8
36053,6.8
36055,6.6
36057,7.3
36059,8.2
36061,8.7
36063,7.9
36065,7.0
36067,6.4
36069,6.9
36071,8.1
36073,7.1
36075,6.9
36077,6.5
36079,8.2
36081,7.4
36083,8.1
36085,7.7
36087,8.4
36089,6.9
36091,8.2
36093,8.0
36095,6.6
36097,6.6
36099,6.9
36101,5.7
36103,6.4
36105,6.9
36107,7.1
36109,6.8
36111,8.0
36113,7.3
36115,7.6
36117,7.1
36119,8.8
36121,6.8
36123,6.4
37001,7.4
37003,7.7
37005,6.4
37007,7.5
37009,5.9
37011,5.7
37013,5.9
37015,6.1
37017,6.2
37019,6.2
37021,5.1
37023,7.5
37025,8.5
37027,7.4
37029,6.0
37031,5.7
37033,7.3
37035,7.9
37037,7.5
37039,6.1
37041,5.7
37043,
37045,8.1
37047,6.5
37049,5.7
37051,6.8
37053,6.0
37055,5.9
37057,8.3
37059,8.3
37061,5.9
37063,7.3
37065,6.7
37067,8.1
37069,7.3
37071,8.4
37073,6.1
37075,5.9
37077,7.3
37079,6.4
37081,6.4
37083,6.7
37085,7.5
37087,5.8
37089,6.3
37091,6.2
37093,7.3
37095,5.5
37097,8.6
37099,6.3
37101,6.6
37103,5.7
37105,7.3
37107,6.2
37109,8.4
37111,6.2
37113,6.2
37115,5.8
37117,6.1
37119,8.4
37121,5.2
37123,7.6
37125,7.5
37127,6.9
37129,4.1
37131,6.3
37133,5.7
37135,7.4
37137,5.6
37139,6.0
37141,5.7
37143,5.8
37145,7.2
37147,5.7
37149,7.1
37151,8.1
37153,7.5
37155,7.2
37157,7.6
37159,7.6
37161,7.6
37163,6.6
37165,7.2
37167,8.1
37169,7.5
37171,7.6
37173,6.1
37175,5.8
37177,5.3
37179,8.1
37181,7.0
37183,9.0
37185,6.7
37187,5.6
37189,6.0
37191,6.8
37193,7.1
37195,6.8
37197,7.9
37199,5.5
38001,4.6
38003,6.0
38005,5.7
38007,3.6
38009,5.7
38011,4.7
38013,4.9
38015,6.9
38017,6.4
38019,6.1
38021,5.9
38023,5.1
38025,3.6
38027,5.6
38029,5.4
38031,5.6
38033,4.1
38035,6.7
38037,4.8
38039,5.7
38041,4.6
38043,5.5
38045,5.8
38047,5.5
38049,5.4
38051,5.4
38053,3.5
38055,5.5
38057,5.4
38059,5.8
38061,5.0
38063,5.8
38065,4.8
38067,6.6
38069,5.6
38071,5.9
38073,6.0
38075,5.3
38077,6.1
38079,5.9
38081,5.9
38083,5.3
38085,5.2
38087,4.3
38089,4.5
38091,5.9
38093,5.8
38095,5.8
38097,6.2
38099,6.5
38101,4.6
38103,5.5
38105,5.2
39001,7.9
39003,5.4
39005,7.6
39007,7.5
39009,6.1
39011,7.7
39013,7.7
39015,8.6
39017,10.4
39019,8.2
39021,8.0
39023,7.8
39025,9.6
39027,8.7
39029,8.5
39031,7.8
39033,7.4
39035,10.8
39037,8.5
39039,7.8
39041,8.2
39043,7.7
39045,8.3
39047,8.2
39049,8.2
39051,8.0
39053,7.9
39055,8.4
39057,9.3
39059,7.7
39061,10.8
39063,7.2
39065,7.0
39067,7.7
39069,7.6
39071,8.3
39073,7.6
39075,8.1
39077,7.5
39079,7.8
39081,8.2
39083,7.7
39085,6.2
39087,8.3
39089,8.3
39091,7.5
39093,6.8
39095,9.4
39097,8.2
39099,7.9
39101,7.5
39103,6.5
39105,7.8
39107,8.0
39109,8.8
39111,7.3
39113,10.3
39115,7.5
39117,7.5
39119,7.8
39121,7.4
39123,8.2
39125,7.7
39127,7.5
39129,8.2
39131,7.8
39133,8.8
39135,7.7
39137,7.1
39139,7.5
39141,8.1
39143,7.8
39145,6.6
39147,7.4
39149,8.0
39151,9.1
39153,9.4
39155,6.3
39157,8.3
39159,7.9
39161,7.7
39163,7.5
39165,10.0
39167,7.9
39169,8.4
39171,7.9
39173,8.3
39175,7.2
40001,8.6
40003,8.3
40005,9.0
40007,6.6
40009,7.2
40011,8.4
40013,9.0
40015,8.5
40017,9.9
40019,9.5
40021,8.6
40023,8.7
40025,5.5
40027,9.9
40029,8.9
40031,7.4
40033,8.0
40035,9.1
40037,9.5
40039,7.8
40041,9.1
40043,7.3
40045,6.9
40047,9.3
40049,9.5
40051,9.4
40053,8.8
40055,6.9
40057,6.5
40059,6.9
40061,8.7
40063,9.2
40065,7.2
40067,8.7
40069,9.1
40071,9.3
40073,9.1
40075,7.5
40077,8.3
40079,9.0
40081,9.3
40083,9.3
40085,8.9
40087,9.5
40089,9.0
40091,8.9
40093,8.4
40095,8.8
40097,9.2
40099,9.1
40101,9.2
40103,9.2
40105,8.9
40107,9.1
40109,9.9
40111,9.2
40113,9.7
40115,9.6
40117,9.0
40119,9.3
40121,8.5
40123,9.3
40125,9.5
40127,8.2
40129,6.8
40131,9.7
40133,9.3
40135,7.1
40137,9.0
40139,6.5
40141,7.6
40143,8.9
40145,9.7
40147,8.0
40149,7.7
40151,7.8
40153,7.3
41001,9.8
41003,11.4
41005,30.4
41007,7.4
41009,10.1
41011,9.9
41013,16.2
41015,9.5
41017,15.8
41019,19.3
41021,14.0
41023,8.2
41025,11.9
41027,15.5
41029,15.6
41031,18.4
41033,14.5
41035,19.7
41037,7.8
41039,15.0
41041,8.9
41043,21.0
41045,10.6
41047,24.9
41049,12.0
41051,10.7
41053,12.1
41055,15.1
41057,7.9
41059,14.7
41061,9.8
41063,8.8
41065,16.8
41067,11.1
41069,11.6
41071,12.7
42001,7.8
42003,11.3
42005,7.8
42007,9.3
42009,7.6
42011,8.7
42013,7.7
42015,6.6
42017,8.9
42019,9.0
42021,8.5
42023,6.6
42025,8.0
42027,7.3
42029,8.5
42031,7.7
42033,7.8
42035,7.7
42037,8.2
42039,7.5
42041,8.9
42043,9.4
42045,10.3
42047,7.1
42049,6.5
42051,7.5
42053,6.8
42055,8.0
42057,7.3
42059,6.5
42061,8.0
42063,8.3
42065,7.7
42067,8.5
42069,6.9
42071,9.9
42073,8.6
42075,9.4
42077,7.8
42079,8.1
42081,7.3
42083,6.8
42085,7.4
42087,8.1
42089,7.9
42091,7.3
42093,8.4
42095,8.3
42097,8.7
42099,8.9
42101,8.2
42103,7.2
42105,6.4
42107,8.6
42109,8.6
42111,7.7
42113,
42115,6.1
42117,6.1
42119,8.5
42121,7.5
42123,6.9
42125,8.2
42127,7.1
42129,7.1
42131,6.6
42133,9.2
44001,6.5
44003,4.6
44005,6.0
44007,8.4
44009,4.0
45001,8.3
45003,9.8
45005,
45007,8.8
45009,8.0
45011,8.6
45013,8.7
45015,8.0
45017,7.8
45019,7.1
45021,8.1
45023,7.5
45025,7.1
45027,7.5
45029,8.1
45031,7.4
45033,7.0
45035,8.1
45037,6.7
45039,7.2
45041,6.7
45043,6.9
45045,8.1
45047,8.3
45049,8.4
45051,7.0
45053,8.7
45055,7.5
45057,7.3
45059,8.3
45061,7.4
45063,7.8
45065,8.5
45067,7.0
45069,7.4
45071,7.9
45073,8.2
45075,8.1
45077,8.2
45079,6.9
45081,8.2
45083,8.0
45085,7.7
45087,7.8
45089,7.2
45091,6.7
46003,5.4
46005,5.7
46007,4.7
46009,5.9
46011,4.4
46013,5.6
46015,5.2
46017,5.1
46019,5.2
46021,5.2
46023,5.8
46025,5.8
46027,6.3
46029,6.7
46031,5.2
46033,3.3
46035,5.7
46037,5.9
46039,5.6
46041,4.9
46043,5.5
46045,5.6
46047,4.3
46049,5.2
46051,5.9
46053,5.3
46055,4.7
46057,5.9
46059,5.2
46061,5.7
46063,4.9
46065,4.0
46067,5.9
46069,4.9
46071,4.2
46073,5.3
46075,4.6
46077,5.7
46079,5.6
46081,5.3
46083,6.5
46085,4.9
46087,5.8
46089,5.4
46091,5.7
46093,5.9
46095,4.6
46097,5.5
46099,6.3
46101,5.6
46102,
46103,6.8
46105,4.8
46107,4.9
46109,6.0
46111,5.5
46115,5.7
46117,4.6
46119,4.7
46121,4.9
46123,4.9
46125,6.1
46127,6.1
46129,5.2
46135,6.1
46137,4.8
47001,7.7
47003,7.1
47005,6.8
47007,7.0
47009,6.6
47011,7.9
47013,7.4
47015,6.9
47017,7.0
47019,6.2
47021,7.8
47023,6.7
47025,7.5
47027,7.2
47029,6.8
47031,7.0
47033,7.1
47035,7.0
47037,9.7
47039,6.5
47041,6.9
47043,7.2
47045,6.2
47047,8.4
47049,6.7
47051,7.1
47053,7.2
47055,6.9
47057,7.7
47059,6.9
47061,6.8
47063,7.5
47065,8.5
47067,7.0
47069,7.4
47071,6.8
47073,7.2
47075,7.4
47077,6.7
47079,7.3
47081,6.6
47083,6.9
47085,6.8
47087,7.0
47089,7.8
47091,5.9
47093,8.7
47095,7.4
47097,7.6
47099,5.3
47101,6.1
47103,7.2
47105,6.4
47107,6.9
47109,7.2
47111,7.5
47113,6.3
47115,7.6
47117,6.9
47119,5.7
47121,7.5
47123,7.0
47125,6.8
47127,6.9
47129,7.0
47131,7.6
47133,6.9
47135,6.2
47137,
47139,7.0
47141,6.1
47143,7.3
47145,6.8
47147,8.1
47149,8.1
47151,6.9
47153,7.1
47155,7.7
47157,10.0
47159,7.2
47161,7.3
47163,5.8
47165,7.1
47167,8.3
47169,7.4
47171,5.7
47173,7.7
47175,6.7
47177,6.9
47179,6.6
47181,6.4
47183,7.5
47185,6.8
47187,8.1
47189,8.2
48001,8.3
48003,6.5
48005,8.8
48007,9.3
48009,7.7
48011,5.8
48013,8.6
48015,9.2
48017,
48019,8.0
48021,8.4
48023,
48025,8.9
48027,7.8
48029,8.7
48031,
48033,6.1
48035,8.2
48037,9.3
48039,10.4
48041,8.1
48043,5.4
48045,5.9
48047,9.3
48049,7.3
48051,8.6
48053,8.0
48055,8.9
48057,9.2
48059,7.0
48061,12.6
48063,8.7
48065,6.0
48067,9.1
48069,6.1
48071,9.7
48073,8.6
48075,6.4
48077,8.0
48079,5.6
48081,6.6
48083,6.9
48085,9.4
48087,6.3
48089,8.7
48091,9.0
48093,7.5
48095,6.7
48097,8.8
48099,8.4
48101,6.1
48103,6.6
48105,6.6
48107,5.9
48109,5.6
48111,5.7
48113,8.8
48115,6.2
48117,5.9
48119,8.3
48121,7.4
48123,8.7
48125,5.9
48127,8.4
48129,6.0
48131,9.0
48133,7.3
48135,7.3
48137,6.9
48139,8.3
48141,9.3
48143,7.8
48145,8.4
48147,8.8
48149,8.6
48151,6.5
48153,6.1
48155,6.5
48157,10.6
48159,8.5
48161,8.4
48163,
48165,6.1
48167,8.3
48169,
48171,7.6
48173,6.7
48175,8.6
48177,8.7
48179,6.2
48181,9.0
48183,9.1
48185,9.0
48187,9.1
48189,6.6
48191,6.1
48193,7.7
48195,6.4
48197,6.6
48199,8.9
48201,11.6
48203,8.4
48205,5.5
48207,6.8
48209,9.2
48211,6.5
48213,8.3
48215,10.8
48217,8.6
48219,6.0
48221,8.3
48223,8.6
48225,8.5
48227,6.7
48229,5.8
48231,8.7
48233,6.2
48235,6.6
48237,7.7
48239,8.7
48241,8.6
48243,5.2
48245,8.5
48247,9.2
48249,9.2
48251,8.9
48253,7.0
48255,8.5
48257,8.7
48259,8.1
48261,10.5
48263,6.0
48265,7.7
48267,6.8
48269,6.1
48271,7.2
48273,10.5
48275,6.7
48277,8.7
48279,6.1
48281,7.8
48283,
48285,8.6
48287,8.5
48289,
48291,9.8
48293,8.5
48295,6.6
48297,8.8
48299,7.7
48301,7.8
48303,5.4
48305,6.0
48307,7.0
48309,8.7
48311,8.4
48313,8.5
48315,9.0
48317,6.9
48319,7.0
48321,9.5
48323,7.9
48325,8.5
48327,6.7
48329,7.1
48331,8.5
48333,7.3
48335,6.5
48337,8.5
48339,10.3
48341,6.0
48343,8.8
48345,5.8
48347,8.8
48349,8.5
48351,8.7
48353,6.6
48355,9.6
48357,6.5
48359,5.3
48361,8.7
48363,7.8
48365,9.0
48367,8.5
48369,5.9
48371,6.3
48373,8.7
48375,5.4
48377,5.4
48379,8.1
48381,6.1
48383,6.6
48385,6.9
48387,8.8
48389,6.8
48391,8.9
48393,6.2
48395,8.5
48397,8.8
48399,6.9
48401,9.0
48403,8.2
48405,8.3
48407,
48409,9.7
48411,7.2
48413,6.7
48415,6.5
48417,6.8
48419,8.8
48421,6.0
48423,8.7
48425,7.9
48427,9.7
48429,7.0
48431,6.5
48433,6.3
48435,6.7
48437,6.3
48439,9.7
48441,7.1
48443,6.4
48445,5.9
48447,6.8
48449,8.8
48451,6.9
48453,9.6
48455,8.5
48457,8.4
48459,8.9
48461,6.8
48463,7.9
48465,7.5
48467,8.3
48469,9.0
48471,8.7
48473,9.7
48475,6.9
48477,8.6
48479,10.2
48481,9.2
48483,6.6
48485,8.1
48487,7.0
48489,11.2
48491,9.5
48493,8.6
48495,6.9
48497,8.7
48499,8.6
48501,5.9
48503,7.3
48505,
48507,8.2
49001,5.2
49003,7.9
49005,9.6
49007,6.0
49009,4.6
49011,9.5
49013,7.6
49015,5.8
49017,4.8
49019,5.2
49021,5.4
49023,6.2
49025,5.1
49027,5.9
49029,7.0
49031,4.7
49033,5.7
49035,10.6
49037,5.2
49039,5.8
49041,5.3
49043,8.0
49045,7.7
49047,6.6
49049,8.5
49051,6.7
49053,5.9
49055,4.9
49057,7.4
50001,6.5
50003,5.6
50005,5.3
50007,6.8
50009,5.0
50011,6.3
50013,6.4
50015,5.4
50017,5.6
50019,5.5
50021,7.6
50023,5.7
50025,6.7
50027,5.9
51001,6.4
51003,6.9
51005,6.5
51007,6.7
51009,7.0
51011,6.9
51013,6.7
51015,6.8
51017,
51019,7.4
51021,6.3
51023,7.0
51025,6.6
51027,6.7
51029,6.9
51031,7.3
51033,6.9
51035,6.6
51036,5.6
51037,6.9
51041,5.6
51043,6.8
51045,6.3
51047,6.9
51049,6.7
51051,6.7
51053,7.0
51057,6.2
51059,7.9
51061,7.1
51063,6.4
51065,6.9
51067,7.1
51069,7.2
51071,6.6
51073,6.3
51075,7.0
51077,6.4
51079,6.6
51081,6.6
51083,7.3
51085,7.4
51087,7.2
51089,7.4
51091,5.5
51093,6.6
51095,6.5
51097,6.3
51099,6.5
51101,6.7
51103,6.0
51105,7.1
51107,6.3
51109,6.9
51111,6.8
51113,
51115,6.0
51117,7.0
51119,6.2
51121,6.8
51125,6.2
51127,6.7
51131,6.1
51133,6.0
51135,6.8
51137,6.9
51139,6.5
51141,6.8
51143,7.6
51145,7.1
51147,6.7
51149,6.9
51153,7.6
51155,6.8
51157,6.2
51159,6.0
51161,7.2
51163,6.5
51165,6.1
51167,6.6
51169,6.8
51171,6.4
51173,6.3
51175,6.4
51177,7.1
51179,7.2
51181,6.3
51183,6.5
51185,6.5
51187,6.5
51191,6.6
51193,6.2
51195,6.7
51197,6.4
51199,6.6
51510,7.4
51520,6.0
51530,
51540,7.0
51550,6.8
51570,7.0
51580,6.3
51590,7.4
51595,6.4
51600,7.5
51610,7.3
51620,6.3
51630,7.0
51640,6.4
51650,6.0
51660,6.8
51670,6.9
51678,
51680,5.4
51683,7.4
51685,7.3
51690,7.2
51700,6.7
51710,6.1
51720,6.4
51730,6.9
51735,6.4
51740,6.8
51750,6.7
51760,7.2
51770,7.1
51775,5.9
51790,6.5
51800,6.7
51810,6.2
51820,6.6
51830,6.4
51840,6.9
53001,14.5
53003,10.7
53005,16.0
53007,10.1
53009,6.9
53011,13.4
53013,10.1
53015,10.3
53017,11.1
53019,11.8
53021,15.1
53023,9.8
53025,15.3
53027,6.8
53029,9.2
53031,8.0
53033,10.2
53035,7.5
53037,9.9
53039,11.4
53041,9.3
53043,12.7
53045,6.8
53047,15.1
53049,6.8
53051,12.6
53053,9.5
53055,6.5
53057,8.0
53059,15.5
53061,10.7
53063,10.4
53065,13.5
53067,9.0
53069,6.5
53071,12.9
53073,5.6
53075,11.7
53077,14.5
54001,6.2
54003,7.5
54005,7.0
54007,6.4
54009,8.2
54011,6.8
54013,6.8
54015,6.6
54017,6.8
54019,6.8
54021,6.5
54023,5.6
54025,6.5
54027,5.7
54029,7.1
54031,5.5
54033,6.6
54035,7.6
54037,7.4
54039,7.1
54041,6.6
54043,7.4
54045,7.0
54047,6.6
54049,7.0
54051,7.6
54053,7.9
54055,6.6
54057,6.1
54059,7.1
54061,6.3
54063,6.5
54065,6.7
54067,6.5
54069,6.7
54071,5.5
54073,7.3
54075,5.8
54077,6.3
54079,7.8
54081,6.8
54083,5.8
54085,7.0
54087,7.0
54089,6.6
54091,6.7
54093,5.7
54095,7.1
54097,6.2
54099,7.9
54101,5.7
54103,7.1
54105,7.1
54107,7.0
54109,6.6
55001,7.8
55003,5.2
55005,6.7
55007,5.6
55009,7.3
55011,7.5
55013,5.7
55015,8.2
55017,7.7
55019,7.5
55021,8.4
55023,8.1
55025,8.4
55027,7.6
55029,7.0
55031,5.7
55033,7.4
55035,7.7
55037,5.5
55039,8.1
55041,5.7
55043,8.2
55045,9.1
55047,7.9
55049,8.5
55051,5.6
55053,7.7
55055,9.0
55057,7.9
55059,7.1
55061,7.2
55063,7.7
55065,8.9
55067,6.7
55069,7.0
55071,7.7
55073,7.8
55075,7.0
55077,7.8
55078,6.8
55079,9.1
55081,8.0
55083,7.2
55085,6.2
55087,7.5
55089,6.5
55091,7.3
55093,7.4
55095,6.7
55097,7.8
55099,6.2
55101,9.0
55103,8.0
55105,9.3
55107,6.5
55109,7.3
55111,7.4
55113,5.9
55115,7.4
55117,7.7
55119,6.2
55121,7.8
55123,8.1
55125,5.0
55127,9.1
55129,5.8
55131,8.7
55133,8.8
55135,7.7
55137,7.7
55139,8.3
55141,7.8
56001,6.4
56003,5.2
56005,5.4
56007,4.6
56009,4.5
56011,5.3
56013,7.3
56015,5.6
56017,4.3
56019,4.1
56021,4.4
56023,5.2
56025,4.9
56027,4.5
56029,4.5
56031,4.5
56033,6.5
56035,3.1
56037,3.6
56039,4.8
56041,
56043,4.7
56045,4.8
